ID,Text,Sentiment
1,GM Soybean could introduce unknown health risks to consumers.,Negative
2,People seem divided on whether Golden Rice is good or bad.,Neutral
3,GM technology in GM Cotton can improve nutrition and productivity.,Positive
4,The spread of GM Potato genes to wild species concerns me.,Negative
5,I do not have a strong opinion about GM Wheat yet.,Neutral
6,I believe GM Rice reduces pesticide use and benefits the environment.,Positive
7,There is too much uncertainty about the environmental impact of GM Banana.,Negative
8,I am still learning about how GM Tomato affects the environment.,Neutral
9,"Overall, GM Brinjal appears to bring more benefits than risks.",Positive
10,I am worried that GM Maize may damage biodiversity in the long term.,Negative
11,More research is needed to fully understand the impact of GM Soybean.,Neutral
12,Golden Rice seems like a good solution for farmers facing climate stress.,Positive
13,I think GM Cotton might lead to overuse of chemicals and soil damage.,Negative
14,There are arguments both for and against GM Potato adoption.,Neutral
15,GM Wheat helps increase yield and supports food security.,Positive
16,GM Rice could introduce unknown health risks to consumers.,Negative
17,People seem divided on whether GM Banana is good or bad.,Neutral
18,GM technology in GM Tomato can improve nutrition and productivity.,Positive
19,The spread of GM Brinjal genes to wild species concerns me.,Negative
20,I do not have a strong opinion about GM Maize yet.,Neutral
21,I believe GM Soybean reduces pesticide use and benefits the environment.,Positive
22,There is too much uncertainty about the environmental impact of Golden Rice.,Negative
23,I am still learning about how GM Cotton affects the environment.,Neutral
24,"Overall, GM Potato appears to bring more benefits than risks.",Positive
25,I am worried that GM Wheat may damage biodiversity in the long term.,Negative
26,More research is needed to fully understand the impact of GM Rice.,Neutral
27,GM Banana seems like a good solution for farmers facing climate stress.,Positive
28,I think GM Tomato might lead to overuse of chemicals and soil damage.,Negative
29,There are arguments both for and against GM Brinjal adoption.,Neutral
30,GM Maize helps increase yield and supports food security.,Positive
31,GM Soybean could introduce unknown health risks to consumers.,Negative
32,People seem divided on whether Golden Rice is good or bad.,Neutral
33,GM technology in GM Cotton can improve nutrition and productivity.,Positive
34,The spread of GM Potato genes to wild species concerns me.,Negative
35,I do not have a strong opinion about GM Wheat yet.,Neutral
36,I believe GM Rice reduces pesticide use and benefits the environment.,Positive
37,There is too much uncertainty about the environmental impact of GM Banana.,Negative
38,I am still learning about how GM Tomato affects the environment.,Neutral
39,"Overall, GM Brinjal appears to bring more benefits than risks.",Positive
40,I am worried that GM Maize may damage biodiversity in the long term.,Negative
41,More research is needed to fully understand the impact of GM Soybean.,Neutral
42,Golden Rice seems like a good solution for farmers facing climate stress.,Positive
43,I think GM Cotton might lead to overuse of chemicals and soil damage.,Negative
44,There are arguments both for and against GM Potato adoption.,Neutral
45,GM Wheat helps increase yield and supports food security.,Positive
46,GM Rice could introduce unknown health risks to consumers.,Negative
47,People seem divided on whether GM Banana is good or bad.,Neutral
48,GM technology in GM Tomato can improve nutrition and productivity.,Positive
49,The spread of GM Brinjal genes to wild species concerns me.,Negative
50,I do not have a strong opinion about GM Maize yet.,Neutral
51,I believe GM Soybean reduces pesticide use and benefits the environment.,Positive
52,There is too much uncertainty about the environmental impact of Golden Rice.,Negative
53,I am still learning about how GM Cotton affects the environment.,Neutral
54,"Overall, GM Potato appears to bring more benefits than risks.",Positive
55,I am worried that GM Wheat may damage biodiversity in the long term.,Negative
56,More research is needed to fully understand the impact of GM Rice.,Neutral
57,GM Banana seems like a good solution for farmers facing climate stress.,Positive
58,I think GM Tomato might lead to overuse of chemicals and soil damage.,Negative
59,There are arguments both for and against GM Brinjal adoption.,Neutral
60,GM Maize helps increase yield and supports food security.,Positive
61,GM Soybean could introduce unknown health risks to consumers.,Negative
62,People seem divided on whether Golden Rice is good or bad.,Neutral
63,GM technology in GM Cotton can improve nutrition and productivity.,Positive
64,The spread of GM Potato genes to wild species concerns me.,Negative
65,I do not have a strong opinion about GM Wheat yet.,Neutral
66,I believe GM Rice reduces pesticide use and benefits the environment.,Positive
67,There is too much uncertainty about the environmental impact of GM Banana.,Negative
68,I am still learning about how GM Tomato affects the environment.,Neutral
69,"Overall, GM Brinjal appears to bring more benefits than risks.",Positive
70,I am worried that GM Maize may damage biodiversity in the long term.,Negative
71,More research is needed to fully understand the impact of GM Soybean.,Neutral
72,Golden Rice seems like a good solution for farmers facing climate stress.,Positive
73,I think GM Cotton might lead to overuse of chemicals and soil damage.,Negative
74,There are arguments both for and against GM Potato adoption.,Neutral
75,GM Wheat helps increase yield and supports food security.,Positive
76,GM Rice could introduce unknown health risks to consumers.,Negative
77,People seem divided on whether GM Banana is good or bad.,Neutral
78,GM technology in GM Tomato can improve nutrition and productivity.,Positive
79,The spread of GM Brinjal genes to wild species concerns me.,Negative
80,I do not have a strong opinion about GM Maize yet.,Neutral
81,I believe GM Soybean reduces pesticide use and benefits the environment.,Positive
82,There is too much uncertainty about the environmental impact of Golden Rice.,Negative
83,I am still learning about how GM Cotton affects the environment.,Neutral
84,"Overall, GM Potato appears to bring more benefits than risks.",Positive
85,I am worried that GM Wheat may damage biodiversity in the long term.,Negative
86,More research is needed to fully understand the impact of GM Rice.,Neutral
87,GM Banana seems like a good solution for farmers facing climate stress.,Positive
88,I think GM Tomato might lead to overuse of chemicals and soil damage.,Negative
89,There are arguments both for and against GM Brinjal adoption.,Neutral
90,GM Maize helps increase yield and supports food security.,Positive
91,GM Soybean could introduce unknown health risks to consumers.,Negative
92,People seem divided on whether Golden Rice is good or bad.,Neutral
93,GM technology in GM Cotton can improve nutrition and productivity.,Positive
94,The spread of GM Potato genes to wild species concerns me.,Negative
95,I do not have a strong opinion about GM Wheat yet.,Neutral
96,I believe GM Rice reduces pesticide use and benefits the environment.,Positive
97,There is too much uncertainty about the environmental impact of GM Banana.,Negative
98,I am still learning about how GM Tomato affects the environment.,Neutral
99,"Overall, GM Brinjal appears to bring more benefits than risks.",Positive
100,I am worried that GM Maize may damage biodiversity in the long term.,Negative
101,More research is needed to fully understand the impact of GM Soybean.,Neutral
102,Golden Rice seems like a good solution for farmers facing climate stress.,Positive
103,I think GM Cotton might lead to overuse of chemicals and soil damage.,Negative
104,There are arguments both for and against GM Potato adoption.,Neutral
105,GM Wheat helps increase yield and supports food security.,Positive
106,GM Rice could introduce unknown health risks to consumers.,Negative
107,People seem divided on whether GM Banana is good or bad.,Neutral
108,GM technology in GM Tomato can improve nutrition and productivity.,Positive
109,The spread of GM Brinjal genes to wild species concerns me.,Negative
110,I do not have a strong opinion about GM Maize yet.,Neutral
111,I believe GM Soybean reduces pesticide use and benefits the environment.,Positive
112,There is too much uncertainty about the environmental impact of Golden Rice.,Negative
113,I am still learning about how GM Cotton affects the environment.,Neutral
114,"Overall, GM Potato appears to bring more benefits than risks.",Positive
115,I am worried that GM Wheat may damage biodiversity in the long term.,Negative
116,More research is needed to fully understand the impact of GM Rice.,Neutral
117,GM Banana seems like a good solution for farmers facing climate stress.,Positive
118,I think GM Tomato might lead to overuse of chemicals and soil damage.,Negative
119,There are arguments both for and against GM Brinjal adoption.,Neutral
120,GM Maize helps increase yield and supports food security.,Positive
121,GM Soybean could introduce unknown health risks to consumers.,Negative
122,People seem divided on whether Golden Rice is good or bad.,Neutral
123,GM technology in GM Cotton can improve nutrition and productivity.,Positive
124,The spread of GM Potato genes to wild species concerns me.,Negative
125,I do not have a strong opinion about GM Wheat yet.,Neutral
126,I believe GM Rice reduces pesticide use and benefits the environment.,Positive
127,There is too much uncertainty about the environmental impact of GM Banana.,Negative
128,I am still learning about how GM Tomato affects the environment.,Neutral
129,"Overall, GM Brinjal appears to bring more benefits than risks.",Positive
130,I am worried that GM Maize may damage biodiversity in the long term.,Negative
131,More research is needed to fully understand the impact of GM Soybean.,Neutral
132,Golden Rice seems like a good solution for farmers facing climate stress.,Positive
133,I think GM Cotton might lead to overuse of chemicals and soil damage.,Negative
134,There are arguments both for and against GM Potato adoption.,Neutral
135,GM Wheat helps increase yield and supports food security.,Positive
136,GM Rice could introduce unknown health risks to consumers.,Negative
137,People seem divided on whether GM Banana is good or bad.,Neutral
138,GM technology in GM Tomato can improve nutrition and productivity.,Positive
139,The spread of GM Brinjal genes to wild species concerns me.,Negative
140,I do not have a strong opinion about GM Maize yet.,Neutral
141,I believe GM Soybean reduces pesticide use and benefits the environment.,Positive
142,There is too much uncertainty about the environmental impact of Golden Rice.,Negative
143,I am still learning about how GM Cotton affects the environment.,Neutral
144,"Overall, GM Potato appears to bring more benefits than risks.",Positive
145,I am worried that GM Wheat may damage biodiversity in the long term.,Negative
146,More research is needed to fully understand the impact of GM Rice.,Neutral
147,GM Banana seems like a good solution for farmers facing climate stress.,Positive
148,I think GM Tomato might lead to overuse of chemicals and soil damage.,Negative
149,There are arguments both for and against GM Brinjal adoption.,Neutral
150,GM Maize helps increase yield and supports food security.,Positive
151,GM Soybean could introduce unknown health risks to consumers.,Negative
152,People seem divided on whether Golden Rice is good or bad.,Neutral
153,GM technology in GM Cotton can improve nutrition and productivity.,Positive
154,The spread of GM Potato genes to wild species concerns me.,Negative
155,I do not have a strong opinion about GM Wheat yet.,Neutral
156,I believe GM Rice reduces pesticide use and benefits the environment.,Positive
157,There is too much uncertainty about the environmental impact of GM Banana.,Negative
158,I am still learning about how GM Tomato affects the environment.,Neutral
159,"Overall, GM Brinjal appears to bring more benefits than risks.",Positive
160,I am worried that GM Maize may damage biodiversity in the long term.,Negative
161,More research is needed to fully understand the impact of GM Soybean.,Neutral
162,Golden Rice seems like a good solution for farmers facing climate stress.,Positive
163,I think GM Cotton might lead to overuse of chemicals and soil damage.,Negative
164,There are arguments both for and against GM Potato adoption.,Neutral
165,GM Wheat helps increase yield and supports food security.,Positive
166,GM Rice could introduce unknown health risks to consumers.,Negative
167,People seem divided on whether GM Banana is good or bad.,Neutral
168,GM technology in GM Tomato can improve nutrition and productivity.,Positive
169,The spread of GM Brinjal genes to wild species concerns me.,Negative
170,I do not have a strong opinion about GM Maize yet.,Neutral
171,I believe GM Soybean reduces pesticide use and benefits the environment.,Positive
172,There is too much uncertainty about the environmental impact of Golden Rice.,Negative
173,I am still learning about how GM Cotton affects the environment.,Neutral
174,"Overall, GM Potato appears to bring more benefits than risks.",Positive
175,I am worried that GM Wheat may damage biodiversity in the long term.,Negative
176,More research is needed to fully understand the impact of GM Rice.,Neutral
177,GM Banana seems like a good solution for farmers facing climate stress.,Positive
178,I think GM Tomato might lead to overuse of chemicals and soil damage.,Negative
179,There are arguments both for and against GM Brinjal adoption.,Neutral
180,GM Maize helps increase yield and supports food security.,Positive
181,GM Soybean could introduce unknown health risks to consumers.,Negative
182,People seem divided on whether Golden Rice is good or bad.,Neutral
183,GM technology in GM Cotton can improve nutrition and productivity.,Positive
184,The spread of GM Potato genes to wild species concerns me.,Negative
185,I do not have a strong opinion about GM Wheat yet.,Neutral
186,I believe GM Rice reduces pesticide use and benefits the environment.,Positive
187,There is too much uncertainty about the environmental impact of GM Banana.,Negative
188,I am still learning about how GM Tomato affects the environment.,Neutral
189,"Overall, GM Brinjal appears to bring more benefits than risks.",Positive
190,I am worried that GM Maize may damage biodiversity in the long term.,Negative
191,More research is needed to fully understand the impact of GM Soybean.,Neutral
192,Golden Rice seems like a good solution for farmers facing climate stress.,Positive
193,I think GM Cotton might lead to overuse of chemicals and soil damage.,Negative
194,There are arguments both for and against GM Potato adoption.,Neutral
195,GM Wheat helps increase yield and supports food security.,Positive
196,GM Rice could introduce unknown health risks to consumers.,Negative
197,People seem divided on whether GM Banana is good or bad.,Neutral
198,GM technology in GM Tomato can improve nutrition and productivity.,Positive
199,The spread of GM Brinjal genes to wild species concerns me.,Negative
200,I do not have a strong opinion about GM Maize yet.,Neutral
201,I believe GM Soybean reduces pesticide use and benefits the environment.,Positive
202,There is too much uncertainty about the environmental impact of Golden Rice.,Negative
203,I am still learning about how GM Cotton affects the environment.,Neutral
204,"Overall, GM Potato appears to bring more benefits than risks.",Positive
205,I am worried that GM Wheat may damage biodiversity in the long term.,Negative
206,More research is needed to fully understand the impact of GM Rice.,Neutral
207,GM Banana seems like a good solution for farmers facing climate stress.,Positive
208,I think GM Tomato might lead to overuse of chemicals and soil damage.,Negative
209,There are arguments both for and against GM Brinjal adoption.,Neutral
210,GM Maize helps increase yield and supports food security.,Positive
211,GM Soybean could introduce unknown health risks to consumers.,Negative
212,People seem divided on whether Golden Rice is good or bad.,Neutral
213,GM technology in GM Cotton can improve nutrition and productivity.,Positive
214,The spread of GM Potato genes to wild species concerns me.,Negative
215,I do not have a strong opinion about GM Wheat yet.,Neutral
216,I believe GM Rice reduces pesticide use and benefits the environment.,Positive
217,There is too much uncertainty about the environmental impact of GM Banana.,Negative
218,I am still learning about how GM Tomato affects the environment.,Neutral
219,"Overall, GM Brinjal appears to bring more benefits than risks.",Positive
220,I am worried that GM Maize may damage biodiversity in the long term.,Negative
221,More research is needed to fully understand the impact of GM Soybean.,Neutral
222,Golden Rice seems like a good solution for farmers facing climate stress.,Positive
223,I think GM Cotton might lead to overuse of chemicals and soil damage.,Negative
224,There are arguments both for and against GM Potato adoption.,Neutral
225,GM Wheat helps increase yield and supports food security.,Positive
226,GM Rice could introduce unknown health risks to consumers.,Negative
227,People seem divided on whether GM Banana is good or bad.,Neutral
228,GM technology in GM Tomato can improve nutrition and productivity.,Positive
229,The spread of GM Brinjal genes to wild species concerns me.,Negative
230,I do not have a strong opinion about GM Maize yet.,Neutral
231,I believe GM Soybean reduces pesticide use and benefits the environment.,Positive
232,There is too much uncertainty about the environmental impact of Golden Rice.,Negative
233,I am still learning about how GM Cotton affects the environment.,Neutral
234,"Overall, GM Potato appears to bring more benefits than risks.",Positive
235,I am worried that GM Wheat may damage biodiversity in the long term.,Negative
236,More research is needed to fully understand the impact of GM Rice.,Neutral
237,GM Banana seems like a good solution for farmers facing climate stress.,Positive
238,I think GM Tomato might lead to overuse of chemicals and soil damage.,Negative
239,There are arguments both for and against GM Brinjal adoption.,Neutral
240,GM Maize helps increase yield and supports food security.,Positive
241,GM Soybean could introduce unknown health risks to consumers.,Negative
242,People seem divided on whether Golden Rice is good or bad.,Neutral
243,GM technology in GM Cotton can improve nutrition and productivity.,Positive
244,The spread of GM Potato genes to wild species concerns me.,Negative
245,I do not have a strong opinion about GM Wheat yet.,Neutral
246,I believe GM Rice reduces pesticide use and benefits the environment.,Positive
247,There is too much uncertainty about the environmental impact of GM Banana.,Negative
248,I am still learning about how GM Tomato affects the environment.,Neutral
249,"Overall, GM Brinjal appears to bring more benefits than risks.",Positive
250,I am worried that GM Maize may damage biodiversity in the long term.,Negative
251,More research is needed to fully understand the impact of GM Soybean.,Neutral
252,Golden Rice seems like a good solution for farmers facing climate stress.,Positive
253,I think GM Cotton might lead to overuse of chemicals and soil damage.,Negative
254,There are arguments both for and against GM Potato adoption.,Neutral
255,GM Wheat helps increase yield and supports food security.,Positive
256,GM Rice could introduce unknown health risks to consumers.,Negative
257,People seem divided on whether GM Banana is good or bad.,Neutral
258,GM technology in GM Tomato can improve nutrition and productivity.,Positive
259,The spread of GM Brinjal genes to wild species concerns me.,Negative
260,I do not have a strong opinion about GM Maize yet.,Neutral
261,I believe GM Soybean reduces pesticide use and benefits the environment.,Positive
262,There is too much uncertainty about the environmental impact of Golden Rice.,Negative
263,I am still learning about how GM Cotton affects the environment.,Neutral
264,"Overall, GM Potato appears to bring more benefits than risks.",Positive
265,I am worried that GM Wheat may damage biodiversity in the long term.,Negative
266,More research is needed to fully understand the impact of GM Rice.,Neutral
267,GM Banana seems like a good solution for farmers facing climate stress.,Positive
268,I think GM Tomato might lead to overuse of chemicals and soil damage.,Negative
269,There are arguments both for and against GM Brinjal adoption.,Neutral
270,GM Maize helps increase yield and supports food security.,Positive
271,GM Soybean could introduce unknown health risks to consumers.,Negative
272,People seem divided on whether Golden Rice is good or bad.,Neutral
273,GM technology in GM Cotton can improve nutrition and productivity.,Positive
274,The spread of GM Potato genes to wild species concerns me.,Negative
275,I do not have a strong opinion about GM Wheat yet.,Neutral
276,I believe GM Rice reduces pesticide use and benefits the environment.,Positive
277,There is too much uncertainty about the environmental impact of GM Banana.,Negative
278,I am still learning about how GM Tomato affects the environment.,Neutral
279,"Overall, GM Brinjal appears to bring more benefits than risks.",Positive
280,I am worried that GM Maize may damage biodiversity in the long term.,Negative
281,More research is needed to fully understand the impact of GM Soybean.,Neutral
282,Golden Rice seems like a good solution for farmers facing climate stress.,Positive
283,I think GM Cotton might lead to overuse of chemicals and soil damage.,Negative
284,There are arguments both for and against GM Potato adoption.,Neutral
285,GM Wheat helps increase yield and supports food security.,Positive
286,GM Rice could introduce unknown health risks to consumers.,Negative
287,People seem divided on whether GM Banana is good or bad.,Neutral
288,GM technology in GM Tomato can improve nutrition and productivity.,Positive
289,The spread of GM Brinjal genes to wild species concerns me.,Negative
290,I do not have a strong opinion about GM Maize yet.,Neutral
291,I believe GM Soybean reduces pesticide use and benefits the environment.,Positive
292,There is too much uncertainty about the environmental impact of Golden Rice.,Negative
293,I am still learning about how GM Cotton affects the environment.,Neutral
294,"Overall, GM Potato appears to bring more benefits than risks.",Positive
295,I am worried that GM Wheat may damage biodiversity in the long term.,Negative
296,More research is needed to fully understand the impact of GM Rice.,Neutral
297,GM Banana seems like a good solution for farmers facing climate stress.,Positive
298,I think GM Tomato might lead to overuse of chemicals and soil damage.,Negative
299,There are arguments both for and against GM Brinjal adoption.,Neutral
300,GM Maize helps increase yield and supports food security.,Positive
301,GM Soybean could introduce unknown health risks to consumers.,Negative
302,People seem divided on whether Golden Rice is good or bad.,Neutral
303,GM technology in GM Cotton can improve nutrition and productivity.,Positive
304,The spread of GM Potato genes to wild species concerns me.,Negative
305,I do not have a strong opinion about GM Wheat yet.,Neutral
306,I believe GM Rice reduces pesticide use and benefits the environment.,Positive
307,There is too much uncertainty about the environmental impact of GM Banana.,Negative
308,I am still learning about how GM Tomato affects the environment.,Neutral
309,"Overall, GM Brinjal appears to bring more benefits than risks.",Positive
310,I am worried that GM Maize may damage biodiversity in the long term.,Negative
311,More research is needed to fully understand the impact of GM Soybean.,Neutral
312,Golden Rice seems like a good solution for farmers facing climate stress.,Positive
313,I think GM Cotton might lead to overuse of chemicals and soil damage.,Negative
314,There are arguments both for and against GM Potato adoption.,Neutral
315,GM Wheat helps increase yield and supports food security.,Positive
316,GM Rice could introduce unknown health risks to consumers.,Negative
317,People seem divided on whether GM Banana is good or bad.,Neutral
318,GM technology in GM Tomato can improve nutrition and productivity.,Positive
319,The spread of GM Brinjal genes to wild species concerns me.,Negative
320,I do not have a strong opinion about GM Maize yet.,Neutral
321,I believe GM Soybean reduces pesticide use and benefits the environment.,Positive
322,There is too much uncertainty about the environmental impact of Golden Rice.,Negative
323,I am still learning about how GM Cotton affects the environment.,Neutral
324,"Overall, GM Potato appears to bring more benefits than risks.",Positive
325,I am worried that GM Wheat may damage biodiversity in the long term.,Negative
326,More research is needed to fully understand the impact of GM Rice.,Neutral
327,GM Banana seems like a good solution for farmers facing climate stress.,Positive
328,I think GM Tomato might lead to overuse of chemicals and soil damage.,Negative
329,There are arguments both for and against GM Brinjal adoption.,Neutral
330,GM Maize helps increase yield and supports food security.,Positive
331,GM Soybean could introduce unknown health risks to consumers.,Negative
332,People seem divided on whether Golden Rice is good or bad.,Neutral
333,GM technology in GM Cotton can improve nutrition and productivity.,Positive
334,The spread of GM Potato genes to wild species concerns me.,Negative
335,I do not have a strong opinion about GM Wheat yet.,Neutral
336,I believe GM Rice reduces pesticide use and benefits the environment.,Positive
337,There is too much uncertainty about the environmental impact of GM Banana.,Negative
338,I am still learning about how GM Tomato affects the environment.,Neutral
339,"Overall, GM Brinjal appears to bring more benefits than risks.",Positive
340,I am worried that GM Maize may damage biodiversity in the long term.,Negative
341,More research is needed to fully understand the impact of GM Soybean.,Neutral
342,Golden Rice seems like a good solution for farmers facing climate stress.,Positive
343,I think GM Cotton might lead to overuse of chemicals and soil damage.,Negative
344,There are arguments both for and against GM Potato adoption.,Neutral
345,GM Wheat helps increase yield and supports food security.,Positive
346,GM Rice could introduce unknown health risks to consumers.,Negative
347,People seem divided on whether GM Banana is good or bad.,Neutral
348,GM technology in GM Tomato can improve nutrition and productivity.,Positive
349,The spread of GM Brinjal genes to wild species concerns me.,Negative
350,I do not have a strong opinion about GM Maize yet.,Neutral
351,I believe GM Soybean reduces pesticide use and benefits the environment.,Positive
352,There is too much uncertainty about the environmental impact of Golden Rice.,Negative
353,I am still learning about how GM Cotton affects the environment.,Neutral
354,"Overall, GM Potato appears to bring more benefits than risks.",Positive
355,I am worried that GM Wheat may damage biodiversity in the long term.,Negative
356,More research is needed to fully understand the impact of GM Rice.,Neutral
357,GM Banana seems like a good solution for farmers facing climate stress.,Positive
358,I think GM Tomato might lead to overuse of chemicals and soil damage.,Negative
359,There are arguments both for and against GM Brinjal adoption.,Neutral
360,GM Maize helps increase yield and supports food security.,Positive
361,GM Soybean could introduce unknown health risks to consumers.,Negative
362,People seem divided on whether Golden Rice is good or bad.,Neutral
363,GM technology in GM Cotton can improve nutrition and productivity.,Positive
364,The spread of GM Potato genes to wild species concerns me.,Negative
365,I do not have a strong opinion about GM Wheat yet.,Neutral
366,I believe GM Rice reduces pesticide use and benefits the environment.,Positive
367,There is too much uncertainty about the environmental impact of GM Banana.,Negative
368,I am still learning about how GM Tomato affects the environment.,Neutral
369,"Overall, GM Brinjal appears to bring more benefits than risks.",Positive
370,I am worried that GM Maize may damage biodiversity in the long term.,Negative
371,More research is needed to fully understand the impact of GM Soybean.,Neutral
372,Golden Rice seems like a good solution for farmers facing climate stress.,Positive
373,I think GM Cotton might lead to overuse of chemicals and soil damage.,Negative
374,There are arguments both for and against GM Potato adoption.,Neutral
375,GM Wheat helps increase yield and supports food security.,Positive
376,GM Rice could introduce unknown health risks to consumers.,Negative
377,People seem divided on whether GM Banana is good or bad.,Neutral
378,GM technology in GM Tomato can improve nutrition and productivity.,Positive
379,The spread of GM Brinjal genes to wild species concerns me.,Negative
380,I do not have a strong opinion about GM Maize yet.,Neutral
381,I believe GM Soybean reduces pesticide use and benefits the environment.,Positive
382,There is too much uncertainty about the environmental impact of Golden Rice.,Negative
383,I am still learning about how GM Cotton affects the environment.,Neutral
384,"Overall, GM Potato appears to bring more benefits than risks.",Positive
385,I am worried that GM Wheat may damage biodiversity in the long term.,Negative
386,More research is needed to fully understand the impact of GM Rice.,Neutral
387,GM Banana seems like a good solution for farmers facing climate stress.,Positive
388,I think GM Tomato might lead to overuse of chemicals and soil damage.,Negative
389,There are arguments both for and against GM Brinjal adoption.,Neutral
390,GM Maize helps increase yield and supports food security.,Positive
391,GM Soybean could introduce unknown health risks to consumers.,Negative
392,People seem divided on whether Golden Rice is good or bad.,Neutral
393,GM technology in GM Cotton can improve nutrition and productivity.,Positive
394,The spread of GM Potato genes to wild species concerns me.,Negative
395,I do not have a strong opinion about GM Wheat yet.,Neutral
396,I believe GM Rice reduces pesticide use and benefits the environment.,Positive
397,There is too much uncertainty about the environmental impact of GM Banana.,Negative
398,I am still learning about how GM Tomato affects the environment.,Neutral
399,"Overall, GM Brinjal appears to bring more benefits than risks.",Positive
400,I am worried that GM Maize may damage biodiversity in the long term.,Negative
401,More research is needed to fully understand the impact of GM Soybean.,Neutral
402,Golden Rice seems like a good solution for farmers facing climate stress.,Positive
403,I think GM Cotton might lead to overuse of chemicals and soil damage.,Negative
404,There are arguments both for and against GM Potato adoption.,Neutral
405,GM Wheat helps increase yield and supports food security.,Positive
406,GM Rice could introduce unknown health risks to consumers.,Negative
407,People seem divided on whether GM Banana is good or bad.,Neutral
408,GM technology in GM Tomato can improve nutrition and productivity.,Positive
409,The spread of GM Brinjal genes to wild species concerns me.,Negative
410,I do not have a strong opinion about GM Maize yet.,Neutral
411,I believe GM Soybean reduces pesticide use and benefits the environment.,Positive
412,There is too much uncertainty about the environmental impact of Golden Rice.,Negative
413,I am still learning about how GM Cotton affects the environment.,Neutral
414,"Overall, GM Potato appears to bring more benefits than risks.",Positive
415,I am worried that GM Wheat may damage biodiversity in the long term.,Negative
416,More research is needed to fully understand the impact of GM Rice.,Neutral
417,GM Banana seems like a good solution for farmers facing climate stress.,Positive
418,I think GM Tomato might lead to overuse of chemicals and soil damage.,Negative
419,There are arguments both for and against GM Brinjal adoption.,Neutral
420,GM Maize helps increase yield and supports food security.,Positive
421,GM Soybean could introduce unknown health risks to consumers.,Negative
422,People seem divided on whether Golden Rice is good or bad.,Neutral
423,GM technology in GM Cotton can improve nutrition and productivity.,Positive
424,The spread of GM Potato genes to wild species concerns me.,Negative
425,I do not have a strong opinion about GM Wheat yet.,Neutral
426,I believe GM Rice reduces pesticide use and benefits the environment.,Positive
427,There is too much uncertainty about the environmental impact of GM Banana.,Negative
428,I am still learning about how GM Tomato affects the environment.,Neutral
429,"Overall, GM Brinjal appears to bring more benefits than risks.",Positive
430,I am worried that GM Maize may damage biodiversity in the long term.,Negative
431,More research is needed to fully understand the impact of GM Soybean.,Neutral
432,Golden Rice seems like a good solution for farmers facing climate stress.,Positive
433,I think GM Cotton might lead to overuse of chemicals and soil damage.,Negative
434,There are arguments both for and against GM Potato adoption.,Neutral
435,GM Wheat helps increase yield and supports food security.,Positive
436,GM Rice could introduce unknown health risks to consumers.,Negative
437,People seem divided on whether GM Banana is good or bad.,Neutral
438,GM technology in GM Tomato can improve nutrition and productivity.,Positive
439,The spread of GM Brinjal genes to wild species concerns me.,Negative
440,I do not have a strong opinion about GM Maize yet.,Neutral
441,I believe GM Soybean reduces pesticide use and benefits the environment.,Positive
442,There is too much uncertainty about the environmental impact of Golden Rice.,Negative
443,I am still learning about how GM Cotton affects the environment.,Neutral
444,"Overall, GM Potato appears to bring more benefits than risks.",Positive
445,I am worried that GM Wheat may damage biodiversity in the long term.,Negative
446,More research is needed to fully understand the impact of GM Rice.,Neutral
447,GM Banana seems like a good solution for farmers facing climate stress.,Positive
448,I think GM Tomato might lead to overuse of chemicals and soil damage.,Negative
449,There are arguments both for and against GM Brinjal adoption.,Neutral
450,GM Maize helps increase yield and supports food security.,Positive
451,GM Soybean could introduce unknown health risks to consumers.,Negative
452,People seem divided on whether Golden Rice is good or bad.,Neutral
453,GM technology in GM Cotton can improve nutrition and productivity.,Positive
454,The spread of GM Potato genes to wild species concerns me.,Negative
455,I do not have a strong opinion about GM Wheat yet.,Neutral
456,I believe GM Rice reduces pesticide use and benefits the environment.,Positive
457,There is too much uncertainty about the environmental impact of GM Banana.,Negative
458,I am still learning about how GM Tomato affects the environment.,Neutral
459,"Overall, GM Brinjal appears to bring more benefits than risks.",Positive
460,I am worried that GM Maize may damage biodiversity in the long term.,Negative
461,More research is needed to fully understand the impact of GM Soybean.,Neutral
462,Golden Rice seems like a good solution for farmers facing climate stress.,Positive
463,I think GM Cotton might lead to overuse of chemicals and soil damage.,Negative
464,There are arguments both for and against GM Potato adoption.,Neutral
465,GM Wheat helps increase yield and supports food security.,Positive
466,GM Rice could introduce unknown health risks to consumers.,Negative
467,People seem divided on whether GM Banana is good or bad.,Neutral
468,GM technology in GM Tomato can improve nutrition and productivity.,Positive
469,The spread of GM Brinjal genes to wild species concerns me.,Negative
470,I do not have a strong opinion about GM Maize yet.,Neutral
471,I believe GM Soybean reduces pesticide use and benefits the environment.,Positive
472,There is too much uncertainty about the environmental impact of Golden Rice.,Negative
473,I am still learning about how GM Cotton affects the environment.,Neutral
474,"Overall, GM Potato appears to bring more benefits than risks.",Positive
475,I am worried that GM Wheat may damage biodiversity in the long term.,Negative
476,More research is needed to fully understand the impact of GM Rice.,Neutral
477,GM Banana seems like a good solution for farmers facing climate stress.,Positive
478,I think GM Tomato might lead to overuse of chemicals and soil damage.,Negative
479,There are arguments both for and against GM Brinjal adoption.,Neutral
480,GM Maize helps increase yield and supports food security.,Positive
481,GM Soybean could introduce unknown health risks to consumers.,Negative
482,People seem divided on whether Golden Rice is good or bad.,Neutral
483,GM technology in GM Cotton can improve nutrition and productivity.,Positive
484,The spread of GM Potato genes to wild species concerns me.,Negative
485,I do not have a strong opinion about GM Wheat yet.,Neutral
486,I believe GM Rice reduces pesticide use and benefits the environment.,Positive
487,There is too much uncertainty about the environmental impact of GM Banana.,Negative
488,I am still learning about how GM Tomato affects the environment.,Neutral
489,"Overall, GM Brinjal appears to bring more benefits than risks.",Positive
490,I am worried that GM Maize may damage biodiversity in the long term.,Negative
491,More research is needed to fully understand the impact of GM Soybean.,Neutral
492,Golden Rice seems like a good solution for farmers facing climate stress.,Positive
493,I think GM Cotton might lead to overuse of chemicals and soil damage.,Negative
494,There are arguments both for and against GM Potato adoption.,Neutral
495,GM Wheat helps increase yield and supports food security.,Positive
496,GM Rice could introduce unknown health risks to consumers.,Negative
497,People seem divided on whether GM Banana is good or bad.,Neutral
498,GM technology in GM Tomato can improve nutrition and productivity.,Positive
499,The spread of GM Brinjal genes to wild species concerns me.,Negative
500,I do not have a strong opinion about GM Maize yet.,Neutral
